{"ret": 0.15581700222035005, "camera_matrix": [[828.302209857686, 0.0, 310.80899809667454], [0.0, 826.2142987902969, 269.62635623291595], [0.0, 0.0, 1.0]], "dist": [[-0.4878637024168361, 0.04012978420038725, -0.016569479543828192, -0.0023778930477609773, 0.20845102612008867]]}