{"ret": 0.17601413174541974, "camera_matrix": [[588.261105930282, 0.0, 290.03683361922975], [0.0, 587.3921675299491, 249.74325138564146], [0.0, 0.0, 1.0]], "dist": [[-0.2777918487766782, 0.08576218278280709, -0.008931425943019674, 0.003363341169489894, -0.036846126506517786]]}